"0.34","-0.17","0.93","-4.39","-1.86","-3.45","0","998.69","68","0.78","5"
"0.34","-0.17","0.93","-4.39","-1.86","-3.45","0","998.69","68","0.78","5"
"0.34","-0.17","0.93","-4.39","-1.86","-3.45","0","998.69","68","0.78","5"
"0.34","-0.17","0.93","-4.39","-1.86","-3.45","0","998.69","68","0.78","5"
"0.34","-0.17","0.93","-4.39","-1.86","-3.45","0","998.69","68","0.78","5"
"0.33","-0.19","0.92","-4.39","-1.86","-3.45","0","998.69","68","0.78","5"
"0.33","-0.19","0.92","-3.17","-0.76","-3.54","0","998.69","68","0.78","5"
"0.33","-0.19","0.92","-3.17","-0.76","-3.54","0","998.69","68","0.78","5"
"0.33","-0.19","0.92","-3.17","-0.76","-3.54","0","998.69","68","0.78","5"
"0.33","-0.19","0.92","-3.17","-0.76","-3.54","0","998.69","68","0.78","5"
"0.33","-0.21","0.92","-3.17","-0.76","-3.54","0","998.69","68","0.78","5"
"0.33","-0.21","0.92","-6.28","-1.16","-3.45","0","998.69","68","0.78","5"
"0.33","-0.21","0.92","-6.28","-1.16","-3.45","0","998.69","68","0.78","5"
"0.33","-0.21","0.92","-6.28","-1.16","-3.45","0","998.69","68","0.78","5"
"0.33","-0.21","0.92","-6.28","-1.16","-3.45","0","998.69","68","0.78","5"
"0.33","-0.21","0.92","-6.28","-1.16","-3.45","0","998.69","68","0.78","5"
"0.33","-0.21","0.92","-6.28","-1.16","-3.45","0","998.69","68","0.78","5"
"0.35","-0.22","0.91","-6.28","-1.16","-3.45","0","998.69","68","0.78","5"
"0.35","-0.22","0.91","-6.28","-1.16","-3.45","0","998.69","68","0.78","5"
"0.35","-0.22","0.91","-0.73","-2.99","-4.15","0","998.69","68","0.78","5"
"0.35","-0.22","0.91","-0.73","-2.99","-4.15","0","998.69","68","0.78","5"
"0.35","-0.22","0.91","-0.73","-2.99","-4.15","0","998.69","68","0.78","5"
"0.35","-0.22","0.91","-0.73","-2.99","-4.15","0","998.69","68","0.78","5"
"0.34","-0.18","0.92","-0.73","-2.99","-4.15","0","998.69","68","0.78","5"
"0.34","-0.18","0.92","1.98","-1.74","-2.99","0","998.69","68","0.78","5"
"0.34","-0.18","0.92","1.98","-1.74","-2.99","0","998.69","68","0.78","5"
"0.34","-0.18","0.92","1.98","-1.74","-2.99","0","998.69","68","0.78","5"
"0.34","-0.18","0.92","1.98","-1.74","-2.99","0","998.69","68","0.81","5"
"0.34","-0.18","0.92","1.98","-1.74","-2.99","-3","998.69","68","0.81","5"
"0.35","-0.22","0.91","1.98","-1.74","-2.99","-3","998.69","68","0.81","5"
"0.35","-0.22","0.91","1.4","-1.19","-4.45","-3","998.69","68","0.81","5"
"0.35","-0.22","0.91","1.4","-1.19","-4.45","-3","998.69","68","0.81","5"
"0.35","-0.22","0.91","1.4","-1.19","-4.45","-3","998.69","68","0.81","5"
"0.35","-0.22","0.91","1.4","-1.19","-4.45","-3","998.69","68","0.81","5"
"0.35","-0.22","0.91","1.4","-1.19","-4.45","-3","998.69","68","0.81","5"
"0.35","-0.21","0.9","1.4","-1.19","-4.45","-3","998.69","68","0.81","5"
"0.35","-0.21","0.9","-2.59","-0.88","-3.81","-3","998.69","68","0.81","5"
"0.35","-0.21","0.9","-2.59","-0.88","-3.81","-3","998.69","68","0.81","5"
"0.35","-0.21","0.9","-2.59","-0.88","-3.81","-3","998.69","68","0.81","5"
"0.35","-0.21","0.9","-2.59","-0.88","-3.81","-3","998.69","68","0.81","5"
"0.35","-0.21","0.9","-2.59","-0.88","-3.81","-3","998.69","68","0.81","5"
"0.35","-0.21","0.9","-2.59","-0.88","-3.81","-3","998.69","68","0.81","5"
"0.35","-0.23","0.9","-2.59","-0.88","-3.81","-3","998.69","68","0.81","5"
"0.35","-0.23","0.9","-2.8","-0.76","-4.21","-3","998.69","68","0.81","5"
"0.35","-0.23","0.9","-2.8","-0.76","-4.21","-3","998.69","68","0.81","5"
"0.35","-0.23","0.9","-2.8","-0.76","-4.21","-3","998.69","68","0.81","5"
"0.35","-0.23","0.9","-2.8","-0.76","-4.21","-3","998.69","68","0.81","5"
"0.35","-0.23","0.9","-2.8","-0.76","-4.21","-3","998.69","68","0.81","5"
"0.36","-0.23","0.9","-2.8","-0.76","-4.21","-3","998.69","68","0.81","5"
"0.36","-0.23","0.9","-2.68","-1.86","-3.48","-3","998.69","68","0.81","5"
"0.36","-0.23","0.9","-2.68","-1.86","-3.48","-3","998.69","68","0.81","5"
"0.36","-0.23","0.9","-2.68","-1.86","-3.48","-3","998.69","68","0.81","5"
"0.36","-0.23","0.9","-2.68","-1.86","-3.48","-3","998.69","68","0.81","5"
"0.36","-0.23","0.9","-2.68","-1.86","-3.48","-3","998.69","68","0.81","5"
"0.35","-0.24","0.9","-2.68","-1.86","-3.48","-3","998.69","68","0.81","5"
"0.35","-0.24","0.9","-2.68","-1.86","-3.48","-3","998.69","68","0.81","5"
"0.35","-0.24","0.9","-0.85","-0.7","-3.96","-3","998.69","68","0.81","5"
"0.35","-0.24","0.9","-0.85","-0.7","-3.96","-3","998.69","68","0.81","5"
"0.35","-0.24","0.9","-0.85","-0.7","-3.96","-3","998.69","68","0.81","5"
"0.37","-0.22","0.89","-0.85","-0.7","-3.96","-3","998.69","68","0.81","5"
"0.37","-0.22","0.89","0.67","-0.7","-3.6","-3","998.69","68","0.81","5"
"0.37","-0.22","0.89","0.67","-0.7","-3.6","-3","998.69","68","0.81","5"
"0.37","-0.22","0.89","0.67","-0.7","-3.6","-3","998.69","68","0.81","5"
"0.37","-0.22","0.89","0.67","-0.7","-3.6","-3","998.69","68","0.81","5"
"0.37","-0.22","0.89","0.67","-0.7","-3.6","-3","998.69","68","0.81","5"
"0.36","-0.23","0.9","0.67","-0.7","-3.6","-3","998.69","68","0.81","5"
"0.36","-0.23","0.9","0.67","-0.7","-3.6","-3","998.69","68","0.81","5"
"0.36","-0.23","0.9","-0.52","-1.86","-5.34","-3","998.69","68","0.81","5"
"0.36","-0.23","0.9","-0.52","-1.86","-5.34","-3","998.69","68","0.81","5"
"0.36","-0.23","0.9","-0.52","-1.86","-5.34","-3","998.69","68","0.81","5"
"0.36","-0.23","0.9","-0.52","-1.86","-5.34","-3","998.69","68","0.81","5"
"0.36","-0.23","0.9","-0.52","-1.86","-5.34","-3","998.69","68","0.81","5"
"0.36","-0.23","0.9","-0.52","-1.86","-5.34","-3","998.69","68","0.81","5"
"0.36","-0.23","0.9","-0.52","-1.86","-5.34","-3","998.69","68","0.81","5"
"0.36","-0.23","0.9","-0.52","-1.86","-5.34","-3","998.69","68","0.81","5"
"0.36","-0.23","0.9","-0.52","-1.86","-5.34","-3","998.69","68","0.81","5"
"0.36","-0.23","0.9","-0.52","-1.86","-5.34","-3","998.69","68","0.88","5"
"0.38","-0.24","0.89","-0.82","0.09","-4.33","-3","998.69","68","0.88","5"
"0.38","-0.24","0.89","-0.82","0.09","-4.33","-1","998.65","68","0.88","5"
"0.37","-0.22","0.9","-0.82","0.09","-4.33","-1","998.65","68","0.88","5"
"0.37","-0.22","0.9","-0.37","0.46","-4.02","-1","998.65","68","0.88","5"
"0.37","-0.22","0.9","-0.37","0.46","-4.02","-1","998.65","68","0.88","5"
"0.37","-0.22","0.9","-0.37","0.46","-4.02","-1","998.65","68","0.88","5"
"0.37","-0.22","0.9","-0.37","0.46","-4.02","-1","998.65","68","0.88","5"
"0.37","-0.22","0.89","-0.37","0.46","-4.02","-1","998.65","68","0.88","5"
"0.37","-0.22","0.89","-1.68","0.03","-2.9","-1","998.65","68","0.88","5"
"0.37","-0.22","0.89","-1.68","0.03","-2.9","-1","998.65","68","0.88","5"
"0.37","-0.22","0.89","-1.68","0.03","-2.9","-1","998.65","68","0.88","5"
"0.37","-0.22","0.89","-1.68","0.03","-2.9","-1","998.65","68","0.88","5"
"0.37","-0.22","0.89","-1.68","0.03","-2.9","-1","998.65","68","0.88","5"
"0.36","-0.24","0.89","-2.07","0.82","-3.26","-1","998.65","68","0.88","5"
"0.36","-0.24","0.89","-2.07","0.82","-3.26","-1","998.65","68","0.88","5"
"0.36","-0.24","0.89","-2.07","0.82","-3.26","-1","998.65","68","0.88","5"
"0.36","-0.24","0.89","-2.07","0.82","-3.26","-1","998.65","68","0.88","5"
"0.36","-0.24","0.89","-2.07","0.82","-3.26","-1","998.65","68","0.88","5"
"0.36","-0.24","0.89","-2.07","0.82","-3.26","-1","998.65","68","0.88","5"
"0.36","-0.25","0.9","-2.07","0.82","-3.26","-1","998.65","68","0.88","5"
"0.36","-0.25","0.9","-0.3","-1.52","-3.81","-1","998.65","68","0.88","5"
"0.36","-0.25","0.9","-0.3","-1.52","-3.81","-1","998.65","68","0.88","5"
"0.36","-0.25","0.9","-0.3","-1.52","-3.81","-1","998.65","68","0.88","5"
"0.36","-0.25","0.9","-0.3","-1.52","-3.81","-1","998.65","68","0.88","5"
"0.38","-0.24","0.89","-0.3","-1.52","-3.81","-1","998.65","68","0.88","5"
"0.38","-0.24","0.89","-0.3","-1.52","-3.81","-1","998.65","68","0.88","5"
"0.38","-0.24","0.89","1.95","-1.46","-4.27","-1","998.65","68","0.88","5"
"0.38","-0.24","0.89","1.95","-1.46","-4.27","-1","998.65","68","0.88","5"
"0.38","-0.24","0.89","1.95","-1.46","-4.27","-1","998.65","68","0.88","5"
"0.38","-0.24","0.89","1.95","-1.46","-4.27","-1","998.65","68","0.88","5"
"0.38","-0.24","0.89","1.95","-1.46","-4.27","-1","998.65","68","0.88","5"
"0.38","-0.23","0.89","1.95","-1.46","-4.27","-1","998.65","68","0.88","5"
"0.38","-0.23","0.89","1.95","-1.46","-4.27","-1","998.65","68","0.88","5"
"0.38","-0.23","0.89","-0.64","0.49","-4.05","-1","998.65","68","0.88","5"
"0.38","-0.23","0.89","-0.64","0.49","-4.05","-1","998.65","68","0.88","5"
"0.38","-0.23","0.89","-0.64","0.49","-4.05","-1","998.65","68","0.88","5"
"0.38","-0.23","0.89","-0.64","0.49","-4.05","-1","998.65","68","0.95","5"
"0.38","-0.23","0.89","-0.64","0.49","-4.05","-1","998.65","68","0.95","5"
"0.38","-0.23","0.89","-0.64","0.49","-4.05","-1","998.65","68","0.95","5"
"0.38","-0.23","0.89","0.61","-0.12","-4.12","-1","998.65","68","0.95","5"
"0.38","-0.23","0.89","0.61","-0.12","-4.12","-1","998.65","68","0.95","5"
"0.38","-0.23","0.89","0.61","-0.12","-4.12","-1","998.65","68","0.95","5"
"0.38","-0.23","0.89","0.61","-0.12","-4.12","-1","998.65","68","0.95","5"
"0.38","-0.23","0.89","0.61","-0.12","-4.12","-1","998.65","68","0.95","5"
"0.38","-0.23","0.89","0.61","-0.12","-4.12","-1","998.65","68","0.95","5"
"0.37","-0.23","0.89","0.61","-0.12","-4.12","-1","998.65","68","0.95","5"
"0.37","-0.23","0.89","0.7","-0.91","-4.42","-1","998.65","68","0.95","5"
"0.37","-0.23","0.89","0.7","-0.91","-4.42","-1","998.68","68","0.95","5"
"0.37","-0.23","0.89","0.7","-0.91","-4.42","-1","998.68","68","0.95","5"
"0.37","-0.23","0.89","0.7","-0.91","-4.42","-1","998.68","68","0.95","5"
"0.38","-0.22","0.89","1.13","-0.49","-3.84","-1","998.68","68","0.95","5"
"0.38","-0.22","0.89","1.13","-0.49","-3.84","-1","998.68","68","0.95","5"
"0.38","-0.22","0.89","1.13","-0.49","-3.84","-1","998.68","68","0.95","5"
"0.38","-0.22","0.89","1.13","-0.49","-3.84","-1","998.68","68","0.95","5"
"0.38","-0.22","0.89","1.13","-0.49","-3.84","-1","998.68","68","0.95","5"
"0.38","-0.22","0.89","1.13","-0.49","-3.84","-1","998.68","68","0.95","5"
"0.37","-0.22","0.89","1.13","-0.49","-3.84","-1","998.68","68","0.95","5"
"0.37","-0.22","0.89","-1.28","0.91","-4.12","-1","998.68","68","0.95","5"
"0.37","-0.22","0.89","-1.28","0.91","-4.12","-1","998.68","68","0.95","5"
"0.37","-0.22","0.89","-1.28","0.91","-4.12","-1","998.68","68","0.95","5"
"0.37","-0.22","0.89","-1.28","0.91","-4.12","-1","998.68","68","0.95","5"
"0.37","-0.22","0.89","-1.28","0.91","-4.12","-1","998.68","68","0.95","5"
"0.38","-0.23","0.89","-1.28","0.91","-4.12","-1","998.68","68","0.95","5"
"0.38","-0.23","0.89","0.73","0.37","-3.35","-1","998.68","68","0.95","5"
"0.38","-0.23","0.89","0.73","0.37","-3.35","-1","998.68","68","0.95","5"
"0.38","-0.23","0.89","0.73","0.37","-3.35","-1","998.68","68","0.95","5"
"0.38","-0.23","0.89","0.73","0.37","-3.35","-1","998.68","68","0.95","5"
"0.38","-0.23","0.89","0.73","0.37","-3.35","-1","998.68","68","0.95","5"
"0.38","-0.22","0.88","0.73","0.37","-3.35","-1","998.68","68","0.95","5"
"0.38","-0.22","0.88","0.73","0.37","-3.35","-1","998.68","68","0.95","5"
"0.38","-0.22","0.88","2.38","0.24","-3.87","-1","998.68","68","0.95","5"
"0.38","-0.22","0.88","2.38","0.24","-3.87","-1","998.68","68","0.95","5"
"0.38","-0.22","0.88","2.38","0.24","-3.87","-1","998.68","68","0.95","5"
"0.38","-0.22","0.88","2.38","0.24","-3.87","-1","998.68","68","0.95","5"
"0.39","-0.21","0.89","2.38","0.24","-3.87","-1","998.68","68","0.95","5"
"0.39","-0.21","0.89","-2.01","1.31","-3.08","-1","998.68","68","0.95","5"
"0.39","-0.21","0.89","-2.01","1.31","-3.08","-1","998.68","68","0.95","5"
"0.39","-0.21","0.89","-2.01","1.31","-3.08","-1","998.68","68","0.95","5"
"0.39","-0.21","0.89","-2.01","1.31","-3.08","-1","998.68","68","0.95","5"
"0.39","-0.21","0.89","-2.01","1.31","-3.08","-1","998.68","68","0.95","5"
"0.38","-0.22","0.89","-2.01","1.31","-3.08","-1","998.68","68","0.95","5"
"0.38","-0.22","0.89","-0.21","-0.76","-3.69","-1","998.68","68","0.95","5"
"0.38","-0.22","0.89","-0.21","-0.76","-3.69","-1","998.68","68","0.95","5"
"0.38","-0.22","0.89","-0.21","-0.76","-3.69","-1","998.68","68","0.95","5"
"0.38","-0.22","0.89","-0.21","-0.76","-3.69","-1","998.68","68","0.95","5"
"0.38","-0.22","0.89","-0.21","-0.76","-3.69","-1","998.68","68","0.95","5"
"0.38","-0.23","0.89","-0.21","-0.76","-3.69","-1","998.68","68","0.95","5"
"0.38","-0.23","0.89","0.21","-0.46","-3.54","-1","998.68","68","0.95","5"
"0.38","-0.23","0.89","0.21","-0.46","-3.54","-1","998.68","68","0.95","5"
"0.38","-0.23","0.89","0.21","-0.46","-3.54","-1","998.68","68","0.95","5"
"0.38","-0.23","0.89","0.21","-0.46","-3.54","-1","998.68","68","0.95","5"
"0.38","-0.23","0.89","0.21","-0.46","-3.54","-1","998.68","68","0.95","5"
"0.38","-0.23","0.89","0.21","-0.46","-3.54","-1","998.64","68","0.95","5"
"0.38","-0.23","0.89","0.21","-0.46","-3.54","-1","998.64","68","0.95","5"
"0.38","-0.23","0.89","0.21","-0.46","-3.54","1","998.64","68","0.95","5"
"0.38","-0.21","0.9","0.21","-0.46","-3.54","1","998.64","68","0.95","5"
"0.38","-0.21","0.9","-0.24","-0.73","-4.02","1","998.64","68","0.95","5"
"0.38","-0.21","0.9","-0.24","-0.73","-4.02","1","998.64","68","0.95","5"
"0.38","-0.21","0.9","-0.24","-0.73","-4.02","1","998.64","68","0.95","5"
"0.37","-0.23","0.89","-0.24","-0.73","-4.02","1","998.64","68","0.95","5"
"0.37","-0.23","0.89","-0.98","-1.37","-4.54","1","998.64","68","0.95","5"
"0.37","-0.23","0.89","-0.98","-1.37","-4.54","1","998.64","68","0.95","5"
"0.37","-0.23","0.89","-0.98","-1.37","-4.54","1","998.64","68","0.95","5"
"0.37","-0.23","0.89","-0.98","-1.37","-4.54","1","998.64","68","0.95","5"
"0.38","-0.22","0.89","-0.98","-1.37","-4.54","1","998.64","68","0.95","5"
"0.38","-0.22","0.89","-2.41","-0.46","-3.32","1","998.64","68","0.95","5"
"0.38","-0.22","0.89","-2.41","-0.46","-3.32","1","998.64","68","0.95","5"
"0.38","-0.22","0.89","-2.41","-0.46","-3.32","1","998.64","68","0.95","5"
"0.38","-0.22","0.89","-2.41","-0.46","-3.32","1","998.64","68","0.95","5"
"0.38","-0.22","0.89","-2.41","-0.46","-3.32","1","998.64","68","0.95","5"
"0.39","-0.22","0.89","-2.41","-0.46","-3.32","1","998.64","68","0.95","5"
"0.39","-0.22","0.89","-2.41","-0.46","-3.32","1","998.64","68","0.95","5"
"0.39","-0.22","0.89","0","-2.07","-4.3","1","998.64","68","0.95","5"
"0.39","-0.22","0.89","0","-2.07","-4.3","1","998.64","68","0.95","5"
"0.39","-0.22","0.89","0","-2.07","-4.3","1","998.64","68","0.95","5"
"0.39","-0.22","0.89","0","-2.07","-4.3","1","998.64","68","0.95","5"
"0.39","-0.22","0.89","0","-2.07","-4.3","1","998.64","68","0.95","5"
"0.4","-0.21","0.88","0","-2.07","-4.3","1","998.64","68","0.95","5"
"0.4","-0.21","0.88","-1.77","-1.37","-4.76","1","998.64","68","0.95","5"
"0.4","-0.21","0.88","-1.77","-1.37","-4.76","1","998.64","68","0.95","5"
"0.4","-0.21","0.88","-1.77","-1.37","-4.76","1","998.64","68","0.95","5"
"0.4","-0.21","0.88","-1.77","-1.37","-4.76","1","998.64","68","0.95","5"
"0.4","-0.21","0.88","-1.77","-1.37","-4.76","1","998.64","68","0.95","5"
"0.39","-0.25","0.88","-1.77","-1.37","-4.76","1","998.64","68","0.95","5"
"0.39","-0.25","0.88","-1.68","-0.58","-4.91","1","998.64","68","0.95","5"
"0.39","-0.25","0.88","-1.68","-0.58","-4.91","1","998.64","68","0.9","5"
"0.39","-0.25","0.88","-1.68","-0.58","-4.91","1","998.64","68","0.9","5"
"0.39","-0.25","0.88","-1.68","-0.58","-4.91","1","998.64","68","0.9","5"
"0.41","-0.23","0.88","-1.68","-0.58","-4.91","1","998.64","68","0.9","5"
"0.41","-0.23","0.88","0.64","-1.07","-2.35","1","998.64","68","0.9","5"
"0.41","-0.23","0.88","0.64","-1.07","-2.35","1","998.64","68","0.9","5"
"0.41","-0.23","0.88","0.64","-1.07","-2.35","1","998.64","68","0.9","5"
"0.41","-0.23","0.88","0.64","-1.07","-2.35","1","998.64","68","0.9","5"
"0.41","-0.23","0.88","0.64","-1.07","-2.35","1","998.64","68","0.9","5"
"0.41","-0.23","0.88","0.64","-1.07","-2.35","1","998.64","68","0.9","5"
"0.41","-0.21","0.88","0.64","-1.07","-2.35","1","998.64","68","0.9","5"
"0.41","-0.21","0.88","-1.28","-0.91","-4.42","1","998.64","68","0.9","5"
"0.41","-0.21","0.88","-1.28","-0.91","-4.42","1","998.64","68","0.9","5"
"0.41","-0.21","0.88","-1.28","-0.91","-4.42","1","998.64","68","0.9","5"
"0.41","-0.21","0.88","-1.28","-0.91","-4.42","1","998.64","68","0.9","5"
"0.41","-0.21","0.88","-1.28","-0.91","-4.42","1","998.66","68","0.9","5"
"0.41","-0.21","0.88","-1.28","-0.91","-4.42","1","998.66","68","0.9","5"
"0.39","-0.23","0.88","-1.28","-0.91","-4.42","1","998.66","68","0.9","5"
"0.39","-0.23","0.88","0.91","0.61","-5.61","1","998.66","68","0.9","5"
"0.39","-0.23","0.88","0.91","0.61","-5.61","1","998.66","68","0.9","5"
"0.39","-0.23","0.88","0.91","0.61","-5.61","1","998.66","68","0.9","5"
"0.39","-0.23","0.88","0.91","0.61","-5.61","1","998.66","68","0.9","5"
"0.39","-0.23","0.88","0.91","0.61","-5.61","1","998.66","68","0.9","5"
"0.41","-0.24","0.88","0.49","-1.43","-2.84","1","998.66","68","0.9","5"
"0.41","-0.24","0.88","0.49","-1.43","-2.84","1","998.66","68","0.9","5"
"0.41","-0.24","0.88","0.49","-1.43","-2.84","1","998.66","68","0.9","5"
"0.41","-0.24","0.88","0.49","-1.43","-2.84","1","998.66","68","0.9","5"
"0.41","-0.24","0.88","0.49","-1.43","-2.84","1","998.66","68","0.9","5"
"0.41","-0.21","0.88","0.49","-1.43","-2.84","1","998.66","68","0.9","5"
"0.41","-0.21","0.88","-1.71","0.3","-4.15","1","998.66","68","0.9","5"
"0.41","-0.21","0.88","-1.71","0.3","-4.15","1","998.66","68","0.9","5"
"0.41","-0.21","0.88","-1.71","0.3","-4.15","1","998.66","68","0.9","5"
"0.41","-0.21","0.88","-1.71","0.3","-4.15","1","998.66","68","0.9","5"
"0.39","-0.23","0.88","-1.71","0.3","-4.15","1","998.66","68","0.9","5"
"0.39","-0.23","0.88","0.58","0.18","-4.7","1","998.66","68","0.9","5"
"0.39","-0.23","0.88","0.58","0.18","-4.7","1","998.66","68","0.78","5"
"0.39","-0.23","0.88","0.58","0.18","-4.7","1","998.66","68","0.78","5"
"0.39","-0.23","0.88","0.58","0.18","-4.7","1","998.66","68","0.78","5"
"0.39","-0.23","0.88","0.58","0.18","-4.7","1","998.66","68","0.78","5"
"0.42","-0.23","0.88","0.58","0.18","-4.7","1","998.66","68","0.78","5"
"0.42","-0.23","0.88","-0.46","-0.09","-3.2","1","998.66","68","0.78","5"
"0.42","-0.23","0.88","-0.46","-0.09","-3.2","1","998.66","68","0.78","5"
"0.42","-0.23","0.88","-0.46","-0.09","-3.2","1","998.66","68","0.78","5"
"0.42","-0.23","0.88","-0.46","-0.09","-3.2","1","998.66","68","0.78","5"
"0.42","-0.23","0.88","-0.46","-0.09","-3.2","1","998.66","68","0.78","5"
"0.42","-0.23","0.88","-0.46","-0.09","-3.2","1","998.66","68","0.78","5"
"0.42","-0.23","0.88","-0.46","-0.09","-3.2","1","998.66","68","0.78","5"
"0.39","-0.21","0.89","-0.46","-0.09","-3.2","1","998.66","68","0.78","5"
"0.39","-0.21","0.89","0.76","-0.3","-4.15","1","998.66","68","0.78","5"
"0.39","-0.21","0.89","0.76","-0.3","-4.15","1","998.66","68","0.78","5"
"0.39","-0.21","0.89","0.76","-0.3","-4.15","1","998.66","68","0.78","5"
"0.41","-0.24","0.88","0.76","-0.3","-4.15","1","998.66","68","0.78","5"
"0.41","-0.24","0.88","0.88","-0.27","-3.51","1","998.66","68","0.78","5"
"0.41","-0.24","0.88","0.88","-0.27","-3.51","1","998.66","68","0.78","5"
"0.41","-0.24","0.88","0.88","-0.27","-3.51","1","998.66","68","0.78","5"
"0.41","-0.24","0.88","0.88","-0.27","-3.51","1","998.66","68","0.78","5"
"0.41","-0.24","0.88","0.88","-0.27","-3.51","1","998.66","68","0.78","5"
"0.41","-0.21","0.88","0.88","-0.27","-3.51","1","998.66","68","0.78","5"
"0.41","-0.21","0.88","-0.58","0.76","-3.57","1","998.66","68","0.78","5"
"0.41","-0.21","0.88","-0.58","0.76","-3.57","1","998.64","68","0.78","5"
"0.41","-0.21","0.88","-0.58","0.76","-3.57","1","998.64","68","0.78","5"
"0.41","-0.21","0.88","-0.58","0.76","-3.57","2","998.64","68","0.78","5"
"0.41","-0.21","0.88","-0.58","0.76","-3.57","2","998.64","68","0.78","5"
"0.41","-0.21","0.88","-0.58","0.76","-3.57","2","998.64","68","0.78","5"
"0.4","-0.24","0.88","-0.58","0.76","-3.57","2","998.64","68","0.78","5"
"0.4","-0.24","0.88","-0.61","-0.37","-3.75","2","998.64","68","0.78","5"
"0.4","-0.24","0.88","-0.61","-0.37","-3.75","2","998.64","68","0.78","5"
"0.4","-0.24","0.88","-0.61","-0.37","-3.75","2","998.64","68","0.78","5"
"0.4","-0.24","0.88","-0.61","-0.37","-3.75","2","998.64","68","0.78","5"
"0.4","-0.24","0.88","-0.61","-0.37","-3.75","2","998.64","68","0.78","5"
"0.41","-0.22","0.88","-0.61","-0.37","-3.75","2","998.64","68","0.78","5"
"0.41","-0.22","0.88","2.9","0.46","-3.57","2","998.64","68","0.78","5"
"0.41","-0.22","0.88","2.9","0.46","-3.57","2","998.64","68","0.8","5"
"0.41","-0.22","0.88","2.9","0.46","-3.57","2","998.64","68","0.8","5"
"0.41","-0.22","0.88","2.9","0.46","-3.57","2","998.64","68","0.8","5"
"0.41","-0.23","0.88","2.9","0.46","-3.57","2","998.64","68","0.8","5"
"0.41","-0.23","0.88","-0.18","0.21","-4.7","2","998.64","68","0.8","5"
"0.41","-0.23","0.88","-0.18","0.21","-4.7","2","998.64","68","0.8","5"
"0.41","-0.23","0.88","-0.18","0.21","-4.7","2","998.64","68","0.8","5"
"0.41","-0.23","0.88","-0.18","0.21","-4.7","2","998.64","68","0.8","5"
"0.41","-0.23","0.88","-0.18","0.21","-4.7","2","998.64","68","0.8","5"
"0.41","-0.23","0.88","-0.18","0.21","-4.7","2","998.64","68","0.8","5"
"0.4","-0.22","0.88","-0.18","0.21","-4.7","2","998.64","68","0.8","5"
"0.4","-0.22","0.88","-0.21","1.8","-3.78","2","998.64","68","0.8","5"
"0.4","-0.22","0.88","-0.21","1.8","-3.78","2","998.64","68","0.8","5"
"0.4","-0.22","0.88","-0.21","1.8","-3.78","2","998.64","68","0.8","5"
"0.4","-0.22","0.88","-0.21","1.8","-3.78","2","998.64","68","0.8","5"
"0.39","-0.22","0.89","-0.21","1.8","-3.78","2","998.64","68","0.8","5"
"0.39","-0.22","0.89","-0.21","1.8","-3.78","2","998.64","68","0.8","5"
"0.39","-0.22","0.89","0.3","0","-3.99","2","998.64","68","0.8","5"
"0.39","-0.22","0.89","0.3","0","-3.99","2","998.64","68","0.8","5"
"0.39","-0.22","0.89","0.3","0","-3.99","2","998.64","68","0.8","5"
"0.39","-0.22","0.89","0.3","0","-3.99","2","998.64","68","0.43","5"
"0.39","-0.22","0.89","0.3","0","-3.99","2","998.64","68","0.43","5"
"0.4","-0.23","0.89","0.3","0","-3.99","2","998.64","68","0.43","5"
"0.4","-0.23","0.89","-1.01","0","-3.93","2","998.64","68","0.43","5"
"0.4","-0.23","0.89","-1.01","0","-3.93","2","998.64","68","0.43","5"
"0.4","-0.23","0.89","-1.01","0","-3.93","2","998.64","68","0.43","5"
"0.4","-0.23","0.89","-1.01","0","-3.93","2","998.64","68","0.43","5"
"0.39","-0.23","0.88","-1.01","0","-3.93","2","998.64","68","0.43","5"
"0.39","-0.23","0.88","-0.55","-0.18","-3.75","2","998.64","68","0.43","5"
"0.39","-0.23","0.88","-0.55","-0.18","-3.75","2","998.64","68","0.43","5"
"0.39","-0.23","0.88","-0.55","-0.18","-3.75","2","998.64","68","0.43","5"
"0.39","-0.23","0.88","-0.55","-0.18","-3.75","2","998.64","68","0.43","5"
"0.39","-0.23","0.88","-0.55","-0.18","-3.75","2","998.64","68","0.43","5"
"0.4","-0.22","0.88","-0.55","-0.18","-3.75","2","998.64","68","0.43","5"
"0.4","-0.22","0.88","-0.55","-0.18","-3.75","2","998.64","68","0.43","5"
"0.4","-0.22","0.88","0.79","-0.37","-3.78","2","998.64","68","0.43","5"
"0.4","-0.22","0.88","0.79","-0.37","-3.78","2","998.63","68","0.43","5"
"0.4","-0.22","0.88","0.79","-0.37","-3.78","3","998.63","68","0.43","5"
"0.4","-0.22","0.88","0.79","-0.37","-3.78","3","998.63","69","0.43","5"
"0.4","-0.22","0.88","0.79","-0.37","-3.78","3","998.63","69","0.43","5"
"0.4","-0.22","0.88","0","0.03","-3.81","3","998.63","69","0.43","5"
"0.4","-0.22","0.88","0","0.03","-3.81","3","998.63","69","0.43","5"
"0.4","-0.22","0.88","0","0.03","-3.81","3","998.63","69","0.43","5"
"0.4","-0.22","0.88","0","0.03","-3.81","3","998.63","69","0.43","5"
"0.4","-0.22","0.88","0","0.03","-3.81","3","998.63","69","0.43","5"
"0.4","-0.22","0.88","0","0.03","-3.81","3","998.63","69","0.43","5"
"0.4","-0.22","0.88","0","0.03","-3.81","3","998.63","69","0.43","5"
"0.4","-0.22","0.88","0.24","0.06","-4.02","3","998.63","69","0.43","5"
"0.4","-0.22","0.88","0.24","0.06","-4.02","3","998.63","69","0.43","5"
"0.4","-0.22","0.88","0.24","0.06","-4.02","3","998.63","69","0.43","5"
"0.4","-0.22","0.88","0.24","0.06","-4.02","3","998.63","69","0.43","5"
"0.4","-0.22","0.88","0.24","0.06","-4.02","3","998.63","69","0.43","5"
"0.4","-0.22","0.88","0.34","-0.4","-3.93","3","998.63","69","0.43","5"
"0.4","-0.22","0.88","0.34","-0.4","-3.93","3","998.63","69","0.43","5"
"0.4","-0.22","0.88","0.34","-0.4","-3.93","3","998.63","69","0.43","5"
"0.4","-0.22","0.88","0.34","-0.4","-3.93","3","998.63","69","0.43","5"
"0.4","-0.22","0.88","0.34","-0.4","-3.93","3","998.63","69","0.81","5"
"0.4","-0.22","0.88","0.34","-0.4","-3.93","3","998.63","69","0.81","5"
"0.4","-0.22","0.88","0.34","-0.4","-3.93","3","998.63","69","0.81","5"
"0.4","-0.22","0.88","-0.37","-0.15","-3.87","3","998.63","69","0.81","5"
"0.4","-0.22","0.88","-0.37","-0.15","-3.87","3","998.63","69","0.81","5"
"0.4","-0.22","0.88","-0.37","-0.15","-3.87","3","998.63","69","0.81","5"
"0.4","-0.22","0.88","-0.37","-0.15","-3.87","3","998.63","69","0.81","5"
"0.4","-0.22","0.88","-0.37","-0.15","-3.87","3","998.63","69","0.81","5"
"0.4","-0.22","0.88","-0.37","-0.15","-3.87","3","998.63","69","0.81","5"
"0.41","-0.22","0.88","-0.37","-0.15","-3.87","3","998.63","69","0.81","5"
"0.41","-0.22","0.88","-0.4","-0.27","-3.81","3","998.63","69","0.81","5"
"0.41","-0.22","0.88","-0.4","-0.27","-3.81","3","998.63","69","0.81","5"
"0.41","-0.22","0.88","-0.4","-0.27","-3.81","3","998.63","69","0.81","5"
"0.41","-0.22","0.88","-0.4","-0.27","-3.81","3","998.63","69","0.81","5"
"0.4","-0.22","0.88","-0.4","-0.27","-3.81","3","998.63","69","0.81","5"
"0.4","-0.22","0.88","-1.22","-0.43","-3.99","3","998.63","69","0.81","5"
"0.4","-0.22","0.88","-1.22","-0.43","-3.99","3","998.63","69","0.81","5"
"0.4","-0.22","0.88","-1.22","-0.43","-3.99","3","998.63","69","0.81","5"
"0.4","-0.22","0.88","-1.22","-0.43","-3.99","3","998.63","69","0.81","5"
"0.4","-0.22","0.88","-1.22","-0.43","-3.99","3","998.63","69","0.81","5"
"0.41","-0.22","0.88","-1.22","-0.43","-3.99","3","998.63","69","0.81","5"
"0.41","-0.22","0.88","-0.88","0.52","-3.75","3","998.63","69","0.81","5"
"0.41","-0.22","0.88","-0.88","0.52","-3.75","3","998.63","69","0.81","5"
"0.41","-0.22","0.88","-0.88","0.52","-3.75","3","998.63","69","0.81","5"
"0.41","-0.22","0.88","-0.88","0.52","-3.75","3","998.63","69","0.81","5"
"0.41","-0.22","0.88","-0.88","0.52","-3.75","3","998.65","69","0.81","5"
"0.41","-0.22","0.88","-0.88","0.52","-3.75","2","998.65","69","0.81","5"
"0.41","-0.22","0.88","-0.88","0.52","-3.75","2","998.65","69","0.81","5"
"0.41","-0.22","0.88","-0.88","0.52","-3.75","2","998.65","70","0.81","5"
"0.4","-0.22","0.88","-0.88","0.52","-3.75","2","998.65","70","0.81","5"
"0.4","-0.22","0.88","-0.15","0.27","-3.75","2","998.65","70","0.81","5"
"0.4","-0.22","0.88","-0.15","0.27","-3.75","2","998.65","70","0.81","5"
"0.4","-0.22","0.88","-0.15","0.27","-3.75","2","998.65","70","0.81","5"
"0.4","-0.22","0.88","-0.15","0.09","-3.84","2","998.65","70","0.81","5"
"0.4","-0.22","0.88","-0.15","0.09","-3.84","2","998.65","70","0.81","5"
"0.4","-0.22","0.88","-0.15","0.09","-3.84","2","998.65","70","0.81","5"
"0.4","-0.22","0.88","-0.15","0.09","-3.84","2","998.65","70","0.81","5"
"0.4","-0.22","0.88","-0.15","0.09","-3.84","2","998.65","70","0.81","5"
"0.4","-0.22","0.88","-0.12","0.43","-3.96","2","998.65","70","0.81","5"
"0.4","-0.22","0.88","-0.12","0.43","-3.96","2","998.65","70","0.81","5"
"0.4","-0.22","0.88","-0.12","0.43","-3.96","2","998.65","70","0.81","5"
"0.4","-0.22","0.88","-0.12","0.43","-3.96","2","998.65","70","0.86","5"
"0.4","-0.22","0.88","-0.12","0.43","-3.96","2","998.65","70","0.86","5"
"0.4","-0.22","0.88","-0.12","0.43","-3.96","2","998.65","70","0.86","5"
"0.4","-0.22","0.88","-0.12","0.43","-3.96","2","998.65","70","0.86","5"
"0.4","-0.22","0.88","0.61","0.06","-3.9","2","998.65","70","0.86","5"
"0.4","-0.22","0.88","0.61","0.06","-3.9","2","998.65","70","0.86","5"
"0.4","-0.22","0.88","0.61","0.06","-3.9","2","998.65","70","0.86","5"
"0.4","-0.22","0.88","0.61","0.06","-3.9","2","998.65","70","0.86","5"
"0.4","-0.22","0.88","0.61","0.06","-3.9","2","998.65","70","0.86","5"
"0.41","-0.22","0.88","0.61","0.06","-3.9","2","998.65","70","0.86","5"
"0.41","-0.22","0.88","0.7","-0.27","-3.9","2","998.65","70","0.86","5"
"0.41","-0.22","0.88","0.7","-0.27","-3.9","2","998.65","70","0.86","5"
"0.41","-0.22","0.88","0.7","-0.27","-3.9","2","998.65","70","0.86","5"
"0.41","-0.22","0.88","0.7","-0.27","-3.9","2","998.65","70","0.86","5"
"0.41","-0.22","0.88","0.7","-0.27","-3.9","2","998.65","70","0.86","5"
"0.4","-0.22","0.88","0.7","-0.27","-3.9","2","998.65","70","0.86","5"
"0.4","-0.22","0.88","0.58","0.09","-3.93","2","998.65","70","0.86","5"
"0.4","-0.22","0.88","0.58","0.09","-3.93","2","998.65","70","0.86","5"
"0.4","-0.22","0.88","0.58","0.09","-3.93","2","998.65","70","0.86","5"
"0.4","-0.22","0.88","0.58","0.09","-3.93","2","998.65","70","0.86","5"
"0.4","-0.22","0.88","0.58","0.09","-3.93","2","998.65","70","0.86","5"
"0.4","-0.22","0.88","0.58","0.09","-3.93","2","998.65","70","0.86","5"
"0.4","-0.22","0.88","-0.06","0.37","-3.81","2","998.65","70","0.86","5"
"0.4","-0.22","0.88","-0.06","0.37","-3.81","2","998.65","70","0.86","5"
"0.4","-0.22","0.88","-0.06","0.37","-3.81","2","998.65","70","0.86","5"
"0.4","-0.22","0.88","-0.06","0.37","-3.81","2","998.65","70","0.86","5"
"0.4","-0.22","0.88","-0.06","0.37","-3.81","2","998.65","70","0.86","5"
"0.4","-0.22","0.88","-0.82","0.18","-3.81","2","998.65","70","0.86","5"
"0.4","-0.22","0.88","-0.82","0.18","-3.81","2","998.65","70","0.86","5"
"0.4","-0.22","0.88","-0.82","0.18","-3.81","2","998.65","70","0.86","5"
"0.4","-0.22","0.88","-0.82","0.18","-3.81","2","998.65","70","0.86","5"
"0.4","-0.22","0.88","-0.82","0.18","-3.81","2","998.65","70","0.86","5"
"0.4","-0.22","0.88","-0.82","0.18","-3.81","2","998.65","70","0.86","5"
"0.4","-0.22","0.88","-0.82","0.18","-3.81","2","998.64","70","0.86","5"
"0.4","-0.22","0.88","-0.82","0.18","-3.81","2","998.64","70","0.86","5"
"0.4","-0.22","0.88","-0.82","0.18","-3.81","2","998.64","70","0.86","5"
"0.4","-0.22","0.88","-0.82","0.18","-3.81","2","998.64","70","0.86","5"
"0.4","-0.22","0.88","-0.61","0.55","-3.78","2","998.64","70","0.86","5"
"0.4","-0.22","0.88","-0.61","0.55","-3.78","2","998.64","70","0.86","5"
"0.4","-0.22","0.88","-0.61","0.55","-3.78","2","998.64","70","0.86","5"
"0.4","-0.22","0.88","-0.61","0.55","-3.78","2","998.64","70","0.86","5"
"0.4","-0.22","0.88","-1.16","0.52","-3.66","2","998.64","70","0.86","5"
"0.4","-0.22","0.88","-1.16","0.52","-3.66","2","998.64","70","0.88","5"
"0.4","-0.22","0.88","-1.16","0.52","-3.66","2","998.64","70","0.88","5"
"0.4","-0.22","0.88","-1.16","0.52","-3.66","2","998.64","70","0.88","5"
"0.4","-0.22","0.88","-1.16","0.52","-3.66","2","998.64","70","0.88","5"
"0.4","-0.22","0.88","-1.16","0.52","-3.66","2","998.64","70","0.88","5"
"0.4","-0.22","0.88","-0.85","0.24","-3.63","2","998.64","70","0.88","5"
"0.4","-0.22","0.88","-0.85","0.24","-3.63","2","998.64","70","0.88","5"
"0.4","-0.22","0.88","-0.85","0.24","-3.63","2","998.64","70","0.88","5"
"0.4","-0.22","0.88","-0.85","0.24","-3.63","2","998.64","70","0.88","5"
"0.4","-0.22","0.88","-0.85","0.24","-3.63","2","998.64","70","0.88","5"
"0.4","-0.22","0.88","-0.24","0.27","-3.72","2","998.64","70","0.88","5"
"0.4","-0.22","0.88","-0.24","0.27","-3.72","2","998.64","70","0.88","5"
"0.4","-0.22","0.88","-0.24","0.27","-3.72","2","998.64","70","0.88","5"
"0.4","-0.22","0.88","-0.24","0.27","-3.72","2","998.64","70","0.88","5"
"0.4","-0.22","0.88","-0.24","0.27","-3.72","2","998.64","70","0.88","5"
"0.4","-0.22","0.88","-0.24","0.27","-3.72","2","998.64","70","0.88","5"
"0.4","-0.22","0.88","-0.15","-0.03","-3.87","2","998.64","70","0.88","5"
"0.4","-0.22","0.88","-0.15","-0.03","-3.87","2","998.64","70","0.88","5"
"0.4","-0.22","0.88","-0.15","-0.03","-3.87","2","998.64","70","0.88","5"
"0.4","-0.22","0.88","-0.15","-0.03","-3.87","2","998.64","70","0.88","5"
"0.4","-0.22","0.88","-0.15","-0.03","-3.87","2","998.64","70","0.88","5"
"0.4","-0.22","0.88","-0.15","-0.03","-3.87","2","998.64","70","0.88","5"
"0.4","-0.22","0.88","-0.09","0.4","-3.78","2","998.64","70","0.88","5"
"0.4","-0.22","0.88","-0.09","0.4","-3.78","2","998.64","70","0.88","5"
"0.4","-0.22","0.88","-0.09","0.4","-3.78","2","998.64","70","0.88","5"
"0.4","-0.22","0.88","-0.09","0.4","-3.78","2","998.64","70","0.88","5"
"0.4","-0.22","0.88","-0.09","0.4","-3.78","2","998.64","70","0.88","5"
"0.4","-0.22","0.88","-0.09","0.4","-3.78","2","998.64","70","0.88","5"
"0.4","-0.22","0.88","-0.09","0.4","-3.78","2","998.64","70","0.88","5"
"0.4","-0.22","0.88","-0.21","0.09","-3.78","2","998.64","70","0.88","5"
"0.4","-0.22","0.88","-0.21","0.09","-3.78","2","998.64","70","0.88","5"
"0.4","-0.22","0.88","-0.21","0.09","-3.78","2","998.64","70","0.88","5"
"0.4","-0.22","0.88","-0.21","0.09","-3.78","2","998.64","70","0.88","5"
"0.4","-0.22","0.88","-0.21","0.09","-3.78","2","998.64","70","0.88","5"
"0.39","-0.22","0.88","-0.21","0.09","-3.78","2","998.64","70","0.88","5"
"0.39","-0.22","0.88","-0.46","0.34","-3.81","2","998.64","70","0.88","5"
"0.39","-0.22","0.88","-0.46","0.34","-3.81","2","998.64","70","0.75","5"
"0.39","-0.22","0.88","-0.46","0.34","-3.81","2","998.64","70","0.75","5"
"0.39","-0.22","0.88","-0.46","0.34","-3.81","2","998.68","70","0.75","5"
"0.39","-0.22","0.88","-0.46","0.34","-3.81","-1","998.68","70","0.75","5"
"0.4","-0.23","0.88","-0.46","0.34","-3.81","-1","998.68","70","0.75","5"
"0.4","-0.23","0.88","-0.3","0.03","-3.75","-1","998.68","70","0.75","5"
"0.4","-0.23","0.88","-0.3","0.03","-3.75","-1","998.68","70","0.75","5"
"0.4","-0.23","0.88","-0.3","0.03","-3.75","-1","998.68","70","0.75","5"
"0.4","-0.23","0.88","-0.3","0.03","-3.75","-1","998.68","70","0.75","5"
"0.4","-0.22","0.88","0.3","0.12","-3.75","-1","998.68","70","0.75","5"
"0.4","-0.22","0.88","0.3","0.12","-3.75","-1","998.68","70","0.75","5"
"0.4","-0.22","0.88","0.3","0.12","-3.75","-1","998.68","70","0.75","5"
"0.4","-0.22","0.88","0.3","0.12","-3.75","-1","998.68","70","0.75","5"
"0.4","-0.22","0.88","0.3","0.12","-3.75","-1","998.68","70","0.75","5"
"0.4","-0.22","0.88","0.3","0.12","-3.75","-1","998.68","70","0.75","5"
"0.4","-0.22","0.88","0.3","0.12","-3.75","-1","998.68","70","0.75","5"
"0.4","-0.22","0.88","0.3","0.12","-3.75","-1","998.68","70","0.75","5"
"0.4","-0.22","0.88","-0.7","0.09","-4.05","-1","998.68","70","0.75","5"
"0.4","-0.22","0.88","-0.7","0.09","-4.05","-1","998.68","70","0.75","5"
"0.4","-0.22","0.88","-0.7","0.09","-4.05","-1","998.68","70","0.75","5"
"0.4","-0.22","0.88","-0.7","0.09","-4.05","-1","998.68","70","0.75","5"
"0.4","-0.23","0.88","-0.7","0.09","-4.05","-1","998.68","70","0.75","5"
"0.4","-0.23","0.88","-0.7","0.09","-4.05","-1","998.68","70","0.75","5"
"0.4","-0.23","0.88","-0.98","0.34","-3.84","-1","998.68","70","0.75","5"
"0.4","-0.23","0.88","-0.98","0.34","-3.84","-1","998.68","70","0.75","5"
"0.4","-0.23","0.88","-0.98","0.34","-3.84","-1","998.68","70","0.75","5"
"0.4","-0.23","0.88","-0.98","0.34","-3.84","-1","998.68","70","0.75","5"
"0.4","-0.23","0.88","-0.98","0.34","-3.84","-1","998.68","70","0.75","5"
"0.4","-0.23","0.88","-0.98","0.34","-3.84","-1","998.68","70","0.75","5"
"0.4","-0.23","0.88","-0.12","0","-3.75","-1","998.68","70","0.75","5"
"0.4","-0.23","0.88","-0.12","0","-3.75","-1","998.68","70","0.65","5"
"0.4","-0.23","0.88","-0.12","0","-3.75","-1","998.68","70","0.65","5"
"0.4","-0.23","0.88","-0.12","0","-3.75","-1","998.68","70","0.65","5"
"0.4","-0.23","0.88","-0.12","0","-3.75","-1","998.68","70","0.65","5"
"0.39","-0.22","0.88","-0.12","0","-3.75","-1","998.68","70","0.65","5"
"0.39","-0.22","0.88","0.06","-0.06","-3.6","-1","998.68","70","0.65","5"
"0.39","-0.22","0.88","0.06","-0.06","-3.6","-1","998.68","70","0.65","5"
"0.39","-0.22","0.88","0.06","-0.06","-3.6","-1","998.68","70","0.65","5"
"0.39","-0.22","0.88","0.06","-0.06","-3.6","-1","998.68","70","0.65","5"
"0.39","-0.22","0.88","0.06","-0.06","-3.6","-1","998.68","70","0.65","5"
"0.4","-0.22","0.88","0.06","-0.06","-3.6","-1","998.68","70","0.65","5"
"0.4","-0.22","0.88","-0.61","-0.09","-3.66","-1","998.68","70","0.65","5"
"0.4","-0.22","0.88","-0.61","-0.09","-3.66","-1","998.68","70","0.65","5"
"0.4","-0.22","0.88","-0.61","-0.09","-3.66","-1","998.68","70","0.65","5"
"0.4","-0.22","0.88","-0.61","-0.09","-3.66","-1","998.68","70","0.65","5"
"0.4","-0.23","0.88","-0.61","-0.09","-3.66","-1","998.68","70","0.65","5"
"0.4","-0.23","0.88","-0.61","-0.09","-3.66","-1","998.68","70","0.65","5"
"0.4","-0.23","0.88","-0.67","0.18","-3.84","-1","998.68","70","0.65","5"
"0.4","-0.23","0.88","-0.67","0.18","-3.84","-1","998.68","70","0.65","5"
"0.4","-0.23","0.88","-0.67","0.18","-3.84","-1","998.67","70","0.65","5"
"0.4","-0.23","0.88","-0.67","0.18","-3.84","-3","998.67","70","0.65","5"
"0.4","-0.23","0.88","-0.67","0.18","-3.84","-3","998.67","70","0.65","5"
"0.4","-0.23","0.88","-0.67","0.18","-3.84","-3","998.67","70","0.65","5"
"0.4","-0.23","0.88","0.18","-0.27","-3.84","-3","998.67","70","0.65","5"
"0.4","-0.23","0.88","0.18","-0.27","-3.84","-3","998.67","70","0.65","5"
"0.4","-0.23","0.88","0.18","-0.27","-3.84","-3","998.67","70","0.65","5"
"0.4","-0.23","0.88","0.18","-0.27","-3.84","-3","998.67","70","0.65","5"
"0.4","-0.23","0.88","0.18","-0.27","-3.84","-3","998.67","70","0.65","5"
"0.4","-0.22","0.88","0.18","-0.27","-3.84","-3","998.67","70","0.65","5"
"0.4","-0.22","0.88","0.24","-0.18","-3.6","-3","998.67","70","0.65","5"
"0.4","-0.22","0.88","0.24","-0.18","-3.6","-3","998.67","70","0.65","5"
"0.4","-0.22","0.88","0.24","-0.18","-3.6","-3","998.67","70","0.65","5"
"0.4","-0.22","0.88","0.24","-0.18","-3.6","-3","998.67","70","0.65","5"
"0.4","-0.22","0.88","0.24","-0.18","-3.6","-3","998.67","70","0.65","5"
"0.4","-0.23","0.88","0.24","-0.18","-3.6","-3","998.67","70","0.65","5"
"0.4","-0.23","0.88","0.4","-0.21","-3.81","-3","998.67","70","0.65","5"
"0.4","-0.23","0.88","0.4","-0.21","-3.81","-3","998.67","70","0.78","5"
"0.4","-0.23","0.88","0.4","-0.21","-3.81","-3","998.67","70","0.78","5"
"0.4","-0.23","0.88","0.4","-0.21","-3.81","-3","998.67","70","0.78","5"
"0.4","-0.23","0.88","0.4","-0.21","-3.81","-3","998.67","70","0.78","5"
"0.4","-0.22","0.89","0.4","-0.21","-3.81","-3","998.67","70","0.78","5"
"0.4","-0.22","0.89","0.4","-0.21","-3.81","-3","998.67","70","0.78","5"
"0.4","-0.22","0.89","-0.06","0.43","-3.84","-3","998.67","70","0.78","5"
"0.4","-0.22","0.89","-0.06","0.43","-3.84","-3","998.67","70","0.78","5"
"0.4","-0.22","0.89","-0.06","0.43","-3.84","-3","998.67","70","0.78","5"
"0.4","-0.22","0.89","-0.06","0.43","-3.84","-3","998.67","70","0.78","5"
"0.4","-0.23","0.88","-0.06","0.43","-3.84","-3","998.67","70","0.78","5"
"0.4","-0.23","0.88","-0.21","0.3","-3.81","-3","998.67","70","0.78","5"
"0.4","-0.23","0.88","-0.21","0.3","-3.81","-3","998.67","70","0.78","5"
"0.4","-0.23","0.88","-0.21","0.3","-3.81","-3","998.67","70","0.78","5"
"0.4","-0.23","0.88","-0.21","0.3","-3.81","-3","998.67","70","0.78","5"
"0.4","-0.23","0.88","-0.21","0.3","-3.81","-3","998.67","70","0.78","5"
"0.4","-0.23","0.88","0.03","0.49","-3.81","-3","998.67","70","0.78","5"
"0.4","-0.23","0.88","0.03","0.49","-3.81","-3","998.67","70","0.78","5"
"0.4","-0.23","0.88","0.03","0.49","-3.81","-3","998.67","70","0.78","5"
"0.4","-0.23","0.88","0.03","0.49","-3.81","-3","998.67","70","0.78","5"
"0.4","-0.23","0.88","0.03","0.49","-3.81","-3","998.67","70","0.78","5"
"0.4","-0.23","0.88","0.03","0.49","-3.81","-3","998.67","70","0.78","5"
"0.4","-0.22","0.88","0.03","0.49","-3.81","-3","998.67","70","0.78","5"
"0.4","-0.22","0.88","-0.06","0.4","-3.9","-3","998.67","70","0.78","5"
"0.4","-0.22","0.88","-0.06","0.4","-3.9","-3","998.67","70","0.78","5"
"0.4","-0.22","0.88","-0.06","0.4","-3.9","-3","998.67","70","0.78","5"
"0.4","-0.22","0.88","-0.06","0.4","-3.9","-3","998.67","71","0.78","5"
"0.4","-0.22","0.88","-0.06","0.4","-3.9","-3","998.68","71","0.78","5"
"0.4","-0.22","0.88","-0.06","0.4","-3.9","-3","998.68","71","0.78","5"
"0.4","-0.22","0.88","-0.06","0.4","-3.9","-4","998.68","71","0.78","5"
"0.4","-0.22","0.88","-0.06","0.4","-3.9","-4","998.68","71","0.78","5"
"0.4","-0.22","0.88","-0.27","0.3","-3.75","-4","998.68","71","0.78","5"
"0.4","-0.22","0.88","-0.27","0.3","-3.75","-4","998.68","71","0.78","5"
"0.4","-0.22","0.88","-0.27","0.3","-3.75","-4","998.68","71","0.78","5"
"0.4","-0.23","0.89","-0.27","0.3","-3.75","-4","998.68","71","0.78","5"
"0.4","-0.23","0.89","-0.3","0.55","-3.81","-4","998.68","71","0.78","5"
"0.4","-0.23","0.89","-0.3","0.55","-3.81","-4","998.68","71","0.81","5"
"0.4","-0.23","0.89","-0.3","0.55","-3.81","-4","998.68","71","0.81","5"
"0.4","-0.23","0.89","-0.3","0.55","-3.81","-4","998.68","71","0.81","5"
"0.4","-0.23","0.89","-0.3","0.55","-3.81","-4","998.68","71","0.81","5"
"0.4","-0.23","0.89","-0.3","0.55","-3.81","-4","998.68","71","0.81","5"
"0.4","-0.23","0.88","-0.3","0.55","-3.81","-4","998.68","71","0.81","5"
"0.4","-0.23","0.88","-0.3","0.09","-3.84","-4","998.68","71","0.81","5"
"0.4","-0.23","0.88","-0.3","0.09","-3.84","-4","998.68","71","0.81","5"
"0.4","-0.23","0.88","-0.3","0.09","-3.84","-4","998.68","71","0.81","5"
"0.4","-0.23","0.88","-0.3","0.09","-3.84","-4","998.68","71","0.81","5"
"0.4","-0.23","0.88","-0.3","0.09","-3.84","-4","998.68","71","0.81","5"
"0.4","-0.23","0.88","-0.3","0.09","-3.84","-4","998.68","71","0.81","5"
"0.4","-0.23","0.88","-0.21","0.21","-3.66","-4","998.68","71","0.81","5"
"0.4","-0.23","0.88","-0.21","0.21","-3.66","-4","998.68","71","0.81","5"
"0.4","-0.23","0.88","-0.21","0.21","-3.66","-4","998.68","71","0.81","5"
"0.4","-0.23","0.88","-0.21","0.21","-3.66","-4","998.68","71","0.81","5"
"0.4","-0.23","0.88","-0.21","0.21","-3.66","-4","998.68","71","0.81","5"
"0.4","-0.23","0.89","-0.21","0.21","-3.66","-4","998.68","71","0.81","5"
"0.4","-0.23","0.89","0.24","0.34","-3.75","-4","998.68","71","0.81","5"
"0.4","-0.23","0.89","0.24","0.34","-3.75","-4","998.68","71","0.81","5"
"0.4","-0.23","0.89","0.24","0.34","-3.75","-4","998.68","71","0.81","5"
"0.4","-0.23","0.89","0.24","0.34","-3.75","-4","998.68","71","0.81","5"
"0.4","-0.23","0.89","0.24","0.34","-3.75","-4","998.68","71","0.81","5"
"0.4","-0.23","0.88","0.24","0.34","-3.75","-4","998.68","71","0.81","5"
"0.4","-0.23","0.88","-0.18","0.21","-3.84","-4","998.68","71","0.81","5"
"0.4","-0.23","0.88","-0.18","0.21","-3.84","-4","998.68","71","0.81","5"
"0.4","-0.23","0.88","-0.18","0.21","-3.84","-4","998.68","71","0.81","5"
"0.4","-0.23","0.88","-0.18","0.21","-3.84","-4","998.68","71","0.81","5"
"0.4","-0.23","0.88","-0.18","0.21","-3.84","-4","998.68","71","0.81","5"
"0.4","-0.23","0.88","-0.18","0.21","-3.84","-4","998.68","71","0.81","5"
"0.4","-0.23","0.88","-0.24","0.15","-3.84","-4","998.68","71","0.81","5"
"0.4","-0.23","0.88","-0.24","0.15","-3.84","-4","998.68","71","0.81","5"
"0.4","-0.23","0.88","-0.24","0.15","-3.84","-4","998.68","71","0.81","5"
"0.4","-0.23","0.88","-0.24","0.15","-3.84","-4","998.68","71","0.81","5"
"0.39","-0.23","0.88","-0.24","0.15","-3.84","-4","998.68","71","0.81","5"
"0.39","-0.23","0.88","-0.24","0.15","-3.84","-4","998.68","71","0.81","5"
"0.39","-0.23","0.88","-0.4","0.12","-3.81","-4","998.68","71","0.81","5"
"0.39","-0.23","0.88","-0.4","0.12","-3.81","-4","998.68","72","0.81","5"
"0.39","-0.23","0.88","-0.4","0.12","-3.81","-4","998.6","72","0.81","5"
"0.39","-0.23","0.88","-0.4","0.12","-3.81","1","998.6","72","0.81","5"
"0.39","-0.23","0.88","-0.4","0.12","-3.81","1","998.6","72","0.81","5"
"0.39","-0.23","0.88","-0.34","0.06","-3.78","1","998.6","72","0.81","5"
"0.39","-0.23","0.88","-0.34","0.06","-3.78","1","998.6","72","0.86","5"
"0.39","-0.23","0.88","-0.34","0.06","-3.78","1","998.6","72","0.86","5"
"0.39","-0.23","0.88","-0.34","0.06","-3.78","1","998.6","72","0.86","5"
"0.39","-0.23","0.88","-0.34","0.06","-3.78","1","998.6","72","0.86","5"
"0.39","-0.23","0.88","-0.34","0.06","-3.78","1","998.6","72","0.86","5"
"0.4","-0.23","0.88","-0.34","0.06","-3.78","1","998.6","72","0.86","5"
"0.4","-0.23","0.88","-0.46","0.15","-3.6","1","998.6","72","0.86","5"
"0.4","-0.23","0.88","-0.46","0.15","-3.6","1","998.6","72","0.86","5"
"0.4","-0.23","0.88","-0.46","0.15","-3.6","1","998.6","72","0.86","5"
"0.4","-0.23","0.88","-0.46","0.15","-3.6","1","998.6","72","0.86","5"
"0.4","-0.23","0.88","-0.46","0.15","-3.6","1","998.6","72","0.86","5"
"0.4","-0.23","0.88","-0.46","0.15","-3.6","1","998.6","72","0.86","5"
"0.4","-0.23","0.88","-0.06","0.12","-3.78","1","998.6","72","0.86","5"
"0.4","-0.23","0.88","-0.06","0.12","-3.78","1","998.6","72","0.86","5"
"0.4","-0.23","0.88","-0.06","0.12","-3.78","1","998.6","72","0.86","5"
"0.4","-0.23","0.88","-0.06","0.12","-3.78","1","998.6","72","0.86","5"
"0.4","-0.23","0.88","-0.06","0.12","-3.78","1","998.6","72","0.86","5"
"0.39","-0.23","0.88","-0.06","0.12","-3.78","1","998.6","72","0.86","5"
"0.39","-0.23","0.88","-0.55","0","-3.87","1","998.6","72","0.86","5"
"0.39","-0.23","0.88","-0.55","0","-3.87","1","998.6","72","0.86","5"
"0.39","-0.23","0.88","-0.55","0","-3.87","1","998.6","72","0.86","5"
"0.39","-0.23","0.88","-0.55","0","-3.87","1","998.6","72","0.86","5"
"0.39","-0.23","0.88","-0.55","0","-3.87","1","998.6","72","0.86","5"
"0.39","-0.24","0.88","-0.55","0","-3.87","1","998.6","72","0.86","5"
"0.39","-0.24","0.88","-0.06","0.3","-3.66","1","998.6","72","0.86","5"
"0.39","-0.24","0.88","-0.06","0.3","-3.66","1","998.6","72","0.86","5"
"0.39","-0.24","0.88","-0.06","0.3","-3.66","1","998.6","72","0.86","5"
"0.39","-0.24","0.88","-0.06","0.3","-3.66","1","998.6","72","0.86","5"
"0.39","-0.24","0.88","-0.06","0.3","-3.66","1","998.6","72","0.86","5"
"0.39","-0.24","0.88","-0.06","0.3","-3.66","1","998.6","72","0.86","5"
"0.4","-0.23","0.89","-0.06","0.3","-3.66","1","998.6","72","0.86","5"
"0.4","-0.23","0.89","0.18","0.3","-3.78","1","998.6","72","0.86","5"
"0.4","-0.23","0.89","0.18","0.3","-3.78","1","998.6","72","0.66","5"
"0.4","-0.23","0.89","0.18","0.3","-3.78","1","998.6","72","0.66","5"
"0.4","-0.23","0.89","0.18","0.3","-3.78","1","998.6","72","0.66","5"
"0.39","-0.23","0.89","0.18","0.3","-3.78","1","998.6","72","0.66","5"
"0.39","-0.23","0.89","-0.55","0.34","-3.78","1","998.6","72","0.66","5"
"0.39","-0.23","0.89","-0.55","0.34","-3.78","1","998.6","72","0.66","5"
"0.39","-0.23","0.89","-0.55","0.34","-3.78","1","998.6","72","0.66","5"
"0.39","-0.23","0.89","-0.55","0.34","-3.78","1","998.6","72","0.66","5"
"0.39","-0.23","0.89","-0.55","0.34","-3.78","1","998.6","72","0.66","5"
"0.39","-0.24","0.88","-0.55","0.34","-3.78","1","998.6","72","0.66","5"
"0.39","-0.24","0.88","-0.43","-0.12","-3.81","1","998.6","72","0.66","5"
"0.39","-0.24","0.88","-0.43","-0.12","-3.81","1","998.6","72","0.66","5"
"0.39","-0.24","0.88","-0.43","-0.12","-3.81","1","998.6","72","0.66","5"
"0.39","-0.24","0.88","-0.43","-0.12","-3.81","1","998.61","72","0.66","5"
"0.39","-0.24","0.88","-0.43","-0.12","-3.81","4","998.61","72","0.66","5"
"0.39","-0.24","0.88","-0.43","-0.12","-3.81","4","998.61","72","0.66","5"
"0.39","-0.24","0.88","-0.24","0.24","-3.87","4","998.61","72","0.66","5"
"0.39","-0.24","0.88","-0.24","0.24","-3.87","4","998.61","72","0.66","5"
"0.39","-0.24","0.88","-0.24","0.24","-3.87","4","998.61","72","0.66","5"
"0.39","-0.24","0.88","-0.24","0.24","-3.87","4","998.61","72","0.66","5"
"0.39","-0.24","0.88","-0.24","0.24","-3.87","4","998.61","72","0.66","5"
"0.39","-0.24","0.88","-0.24","0.24","-3.87","4","998.61","72","0.66","5"
"0.39","-0.23","0.88","-0.24","0.24","-3.87","4","998.61","72","0.66","5"
"0.39","-0.23","0.88","-0.24","0.24","-3.87","4","998.61","72","0.66","5"
"0.39","-0.23","0.88","0.27","0.09","-3.69","4","998.61","72","0.66","5"
"0.39","-0.23","0.88","0.27","0.09","-3.69","4","998.61","72","0.66","5"
"0.39","-0.23","0.88","0.27","0.09","-3.69","4","998.61","72","0.66","5"
"0.39","-0.23","0.88","0.27","0.09","-3.69","4","998.61","72","0.66","5"
"0.39","-0.23","0.88","-0.15","-0.18","-3.87","4","998.61","72","0.66","5"
"0.39","-0.23","0.88","-0.15","-0.18","-3.87","4","998.61","72","0.66","5"
"0.39","-0.23","0.88","-0.15","-0.18","-3.87","4","998.61","72","0.66","5"
"0.39","-0.23","0.88","-0.15","-0.18","-3.87","4","998.61","72","0.66","5"
"0.39","-0.23","0.88","-0.15","-0.18","-3.87","4","998.61","72","0.75","5"
"0.39","-0.23","0.88","-0.15","-0.18","-3.87","4","998.61","72","0.75","5"
"0.39","-0.23","0.88","-0.15","-0.18","-3.87","4","998.61","72","0.75","5"
"0.39","-0.23","0.88","0.15","-0.03","-3.72","4","998.61","72","0.75","5"
"0.39","-0.23","0.88","0.15","-0.03","-3.72","4","998.61","72","0.75","5"
"0.39","-0.23","0.88","0.15","-0.03","-3.72","4","998.61","72","0.75","5"
"0.39","-0.23","0.88","0.15","-0.03","-3.72","4","998.61","72","0.75","5"
"0.39","-0.23","0.88","0.15","-0.03","-3.72","4","998.61","72","0.75","5"
"0.4","-0.24","0.88","0.15","-0.03","-3.72","4","998.61","72","0.75","5"
"0.4","-0.24","0.88","-0.55","-0.03","-3.69","4","998.61","72","0.75","5"
"0.4","-0.24","0.88","-0.55","-0.03","-3.69","4","998.61","72","0.75","5"
"0.4","-0.24","0.88","-0.55","-0.03","-3.69","4","998.61","72","0.75","5"
"0.4","-0.24","0.88","-0.55","-0.03","-3.69","4","998.61","72","0.75","5"
"0.4","-0.24","0.88","-0.55","-0.03","-3.69","4","998.61","72","0.75","5"
"0.39","-0.23","0.88","-0.55","-0.03","-3.69","4","998.61","72","0.75","5"
"0.39","-0.23","0.88","0.27","-0.34","-3.78","4","998.61","72","0.75","5"
"0.39","-0.23","0.88","0.27","-0.34","-3.78","4","998.61","72","0.75","5"
"0.39","-0.23","0.88","0.27","-0.34","-3.78","4","998.61","72","0.75","5"
"0.39","-0.23","0.88","0.27","-0.34","-3.78","4","998.61","72","0.75","5"
"0.39","-0.24","0.88","0.27","-0.34","-3.78","4","998.61","72","0.75","5"
"0.39","-0.24","0.88","-0.24","0","-3.81","4","998.61","72","0.75","5"
"0.39","-0.24","0.88","-0.24","0","-3.81","4","998.61","72","0.75","5"
"0.39","-0.24","0.88","-0.24","0","-3.81","4","998.61","72","0.75","5"
"0.39","-0.24","0.88","-0.24","0","-3.81","4","998.61","72","0.75","5"
"0.39","-0.24","0.88","-0.24","0","-3.81","4","998.61","72","0.75","5"
"0.39","-0.24","0.88","-0.24","0","-3.81","4","998.66","72","0.75","5"
"0.39","-0.24","0.88","-0.24","0","-3.81","2","998.66","72","0.75","5"
"0.39","-0.24","0.88","-0.24","0","-3.81","2","998.66","72","0.75","5"
"0.39","-0.24","0.88","-0.24","0","-3.81","2","998.66","72","0.75","5"
"0.39","-0.24","0.88","0","0.12","-3.81","2","998.66","72","0.75","5"
"0.39","-0.24","0.88","0","0.12","-3.81","2","998.66","72","0.75","5"
"0.39","-0.24","0.88","0","0.12","-3.81","2","998.66","72","0.75","5"
"0.4","-0.23","0.88","0","0.12","-3.81","2","998.66","72","0.75","5"
"0.4","-0.23","0.88","0.06","0.06","-3.66","2","998.66","72","0.75","5"
"0.4","-0.23","0.88","0.06","0.06","-3.66","2","998.66","72","0.75","5"
"0.4","-0.23","0.88","0.06","0.06","-3.66","2","998.66","72","0.75","5"
"0.4","-0.23","0.88","0.06","0.06","-3.66","2","998.66","72","0.75","5"
"0.4","-0.23","0.88","0.06","0.06","-3.66","2","998.66","72","0.75","5"
"0.4","-0.23","0.88","0.06","0.06","-3.66","2","998.66","72","0.75","5"
"0.4","-0.23","0.88","-0.09","0.18","-3.69","2","998.66","72","0.75","5"
"0.4","-0.23","0.88","-0.09","0.18","-3.69","2","998.66","72","0.75","5"
"0.4","-0.23","0.88","-0.09","0.18","-3.69","2","998.66","72","0.85","5"
"0.4","-0.23","0.88","-0.09","0.18","-3.69","2","998.66","72","0.85","5"
"0.4","-0.23","0.88","-0.09","0.18","-3.69","2","998.66","72","0.85","5"
"0.4","-0.23","0.88","-0.09","0.18","-3.69","2","998.66","72","0.85","5"
"0.39","-0.24","0.88","-0.09","0.18","-3.69","2","998.66","72","0.85","5"
"0.39","-0.24","0.88","-0.09","0.18","-3.69","2","998.66","72","0.85","5"
"0.39","-0.24","0.88","-0.67","0.4","-3.9","2","998.66","72","0.85","5"
"0.39","-0.24","0.88","-0.67","0.4","-3.9","2","998.66","72","0.85","5"
"0.4","-0.24","0.88","-0.67","0.4","-3.9","2","998.66","72","0.85","5"
"0.4","-0.24","0.88","-0.67","0.4","-3.9","2","998.66","72","0.85","5"
"0.4","-0.24","0.88","0.4","0.24","-3.75","2","998.66","72","0.85","5"
"0.4","-0.24","0.88","0.4","0.24","-3.75","2","998.66","72","0.85","5"
"0.4","-0.24","0.88","0.4","0.24","-3.75","2","998.66","72","0.85","5"
"0.4","-0.24","0.88","0.4","0.24","-3.75","2","998.66","72","0.85","5"
"0.39","-0.24","0.88","0.4","0.24","-3.75","2","998.66","72","0.85","5"
"0.39","-0.24","0.88","0.4","0.24","-3.75","2","998.66","72","0.85","5"
"0.39","-0.24","0.88","-0.43","0.37","-3.87","2","998.66","72","0.85","5"
"0.39","-0.24","0.88","-0.43","0.37","-3.87","2","998.66","72","0.85","5"
"0.39","-0.24","0.88","-0.43","0.37","-3.87","2","998.66","72","0.85","5"
"0.39","-0.24","0.88","-0.43","0.37","-3.87","2","998.66","72","0.85","5"
"0.39","-0.24","0.88","-0.43","0.37","-3.87","2","998.66","72","0.85","5"
"0.39","-0.24","0.88","-0.43","0.37","-3.87","2","998.66","72","0.85","5"
"0.39","-0.24","0.88","0.12","0.09","-3.78","2","998.66","72","0.85","5"
"0.39","-0.24","0.88","0.12","0.09","-3.78","2","998.66","72","0.85","5"
"0.39","-0.24","0.88","0.12","0.09","-3.78","2","998.66","72","0.85","5"
"0.39","-0.24","0.88","0.12","0.09","-3.78","2","998.66","72","0.85","5"
"0.39","-0.24","0.88","0.12","0.09","-3.78","2","998.66","72","0.85","5"
"0.39","-0.24","0.88","0.12","0.09","-3.78","2","998.66","72","0.85","5"
"0.39","-0.24","0.88","-0.21","0.24","-3.81","2","998.66","72","0.85","5"
"0.39","-0.24","0.88","-0.21","0.24","-3.81","2","998.66","73","0.85","5"
"0.39","-0.24","0.88","-0.21","0.24","-3.81","2","998.65","73","0.85","5"
"0.39","-0.24","0.88","-0.21","0.24","-3.81","1","998.65","73","0.85","5"
"0.39","-0.24","0.88","-0.21","0.24","-3.81","1","998.65","73","0.85","5"
"0.39","-0.24","0.88","-0.64","0.37","-3.84","1","998.65","73","0.85","5"
"0.39","-0.24","0.88","-0.64","0.37","-3.84","1","998.65","73","0.85","5"
"0.39","-0.24","0.88","-0.64","0.37","-3.84","1","998.65","73","0.85","5"
"0.39","-0.24","0.88","-0.64","0.37","-3.84","1","998.65","73","0.81","5"
"0.39","-0.24","0.88","-0.64","0.37","-3.84","1","998.65","73","0.81","5"
"0.39","-0.24","0.88","-0.64","0.37","-3.84","1","998.65","73","0.81","5"
"0.39","-0.24","0.88","-0.64","0.37","-3.84","1","998.65","73","0.81","5"
"0.39","-0.24","0.88","-0.55","0.3","-3.63","1","998.65","73","0.81","5"
"0.39","-0.24","0.88","-0.55","0.3","-3.63","1","998.65","73","0.81","5"
"0.39","-0.24","0.88","-0.55","0.3","-3.63","1","998.65","73","0.81","5"
"0.39","-0.24","0.88","-0.55","0.3","-3.63","1","998.65","73","0.81","5"
"0.39","-0.24","0.88","-0.55","0.3","-3.63","1","998.65","73","0.81","5"
"0.39","-0.24","0.88","-0.55","0.3","-3.63","1","998.65","73","0.81","5"
"0.39","-0.24","0.88","-0.46","0.18","-3.78","1","998.65","73","0.81","5"
"0.39","-0.24","0.88","-0.46","0.18","-3.78","1","998.65","73","0.81","5"
"0.39","-0.24","0.88","-0.46","0.18","-3.78","1","998.65","73","0.81","5"
"0.39","-0.24","0.88","-0.46","0.18","-3.78","1","998.65","73","0.81","5"
"0.39","-0.24","0.88","-0.46","0.18","-3.78","1","998.65","73","0.81","5"
"0.39","-0.24","0.88","-0.46","0.18","-3.78","1","998.65","73","0.81","5"
"0.39","-0.24","0.88","-0.58","0.37","-3.78","1","998.65","73","0.81","5"
"0.39","-0.24","0.88","-0.58","0.37","-3.78","1","998.65","73","0.81","5"
"0.39","-0.24","0.88","-0.58","0.37","-3.78","1","998.65","73","0.81","5"
"0.39","-0.24","0.88","-0.58","0.37","-3.78","1","998.65","73","0.81","5"
"0.39","-0.24","0.88","-0.58","0.37","-3.78","1","998.65","73","0.81","5"
"0.39","-0.24","0.88","0.49","-0.15","-3.84","1","998.65","73","0.81","5"
"0.39","-0.24","0.88","0.49","-0.15","-3.84","1","998.65","73","0.81","5"
"0.39","-0.24","0.88","0.49","-0.15","-3.84","1","998.65","73","0.81","5"
"0.39","-0.24","0.88","0.49","-0.15","-3.84","1","998.65","73","0.81","5"
"0.39","-0.24","0.88","0.49","-0.15","-3.84","1","998.65","73","0.81","5"
"0.39","-0.24","0.88","0.49","-0.15","-3.84","1","998.65","73","0.81","5"
"0.39","-0.24","0.88","0.49","-0.15","-3.84","1","998.65","73","0.81","5"
"0.39","-0.24","0.88","0.49","-0.15","-3.84","1","998.65","73","0.81","5"
"0.39","-0.24","0.88","-0.18","0.37","-3.75","1","998.65","73","0.81","5"
"0.39","-0.24","0.88","-0.18","0.37","-3.75","1","998.65","73","0.81","5"
"0.39","-0.24","0.88","-0.18","0.37","-3.75","1","998.65","73","0.81","5"
"0.39","-0.24","0.88","-0.18","0.37","-3.75","1","998.65","73","0.81","5"
"0.39","-0.23","0.88","-0.18","0.37","-3.75","1","998.65","73","0.81","5"
"0.39","-0.23","0.88","0.21","0.18","-3.69","1","998.65","73","0.81","5"
"0.39","-0.23","0.88","0.21","0.18","-3.69","1","998.65","73","0.81","5"
"0.39","-0.23","0.88","0.21","0.18","-3.69","1","998.65","73","0.81","5"
"0.39","-0.23","0.88","0.21","0.18","-3.69","1","998.65","73","0.76","5"
"0.39","-0.23","0.88","0.21","0.18","-3.69","1","998.65","73","0.76","5"
"0.39","-0.24","0.88","0.21","0.18","-3.69","1","998.65","73","0.76","5"
"0.39","-0.24","0.88","-0.43","0.21","-3.87","1","998.65","73","0.76","5"
"0.39","-0.24","0.88","-0.43","0.21","-3.87","1","998.65","74","0.76","5"
"0.39","-0.24","0.88","-0.43","0.21","-3.87","1","998.66","74","0.76","5"
"0.39","-0.24","0.88","-0.43","0.21","-3.87","0","998.66","74","0.76","5"
"0.39","-0.24","0.88","-0.43","0.21","-3.87","0","998.66","74","0.76","5"
"0.39","-0.24","0.88","-0.09","-0.09","-3.84","0","998.66","74","0.76","5"
"0.39","-0.24","0.88","-0.09","-0.09","-3.84","0","998.66","74","0.76","5"
"0.39","-0.24","0.88","-0.09","-0.09","-3.84","0","998.66","74","0.76","5"
"0.39","-0.24","0.88","-0.09","-0.09","-3.84","0","998.66","74","0.76","5"
"0.39","-0.24","0.88","-0.09","-0.09","-3.84","0","998.66","74","0.76","5"
"0.39","-0.24","0.88","-0.09","-0.09","-3.84","0","998.66","74","0.76","5"
"0.39","-0.24","0.88","-0.55","0.4","-3.63","0","998.66","74","0.76","5"
"0.39","-0.24","0.88","-0.55","0.4","-3.63","0","998.66","74","0.76","5"
"0.39","-0.24","0.88","-0.55","0.4","-3.63","0","998.66","74","0.76","5"
"0.39","-0.24","0.88","-0.55","0.4","-3.63","0","998.66","74","0.76","5"
"0.39","-0.24","0.88","-0.55","0.4","-3.63","0","998.66","74","0.76","5"
"0.39","-0.24","0.88","-0.55","0.4","-3.63","0","998.66","74","0.76","5"
"0.39","-0.24","0.88","-0.55","0.4","-3.63","0","998.66","74","0.76","5"
"0.39","-0.24","0.88","-0.18","0.09","-3.72","0","998.66","74","0.76","5"
"0.39","-0.24","0.88","-0.18","0.09","-3.72","0","998.66","74","0.76","5"
"0.39","-0.24","0.88","-0.18","0.09","-3.72","0","998.66","74","0.76","5"
"0.39","-0.24","0.88","-0.18","0.09","-3.72","0","998.66","74","0.76","5"
"0.39","-0.24","0.88","-0.18","0.09","-3.72","0","998.66","74","0.76","5"
"0.39","-0.24","0.88","-0.52","-0.09","-3.75","0","998.66","74","0.76","5"
"0.39","-0.24","0.88","-0.52","-0.09","-3.75","0","998.66","74","0.76","5"
"0.39","-0.24","0.88","-0.52","-0.09","-3.75","0","998.66","74","0.76","5"
